name,node_id,osm_node_id,osm_highway,zone_id,ctrl_type,node_type,activity_type,is_boundary,x_coord,y_coord,main_node_id,poi_id,notes,reference_cycle_length
,0,41459438,,,,,,,-111.9275146,33.4245016,,,set by default,
,1,41517309,,,,,,,-111.9262877,33.4312176,,,,
,2,41520505,,,,,,,-111.944268,33.4307934,,,,
,3,41520506,,,,,,,-111.9442567,33.4295155,,,,
,4,41520509,,,,,,,-111.9443252,33.4291446,,,,
,5,41520512,,,,,,,-111.9442882,33.4254677,,,,
,6,41520515,,,,,,,-111.9443033,33.4243197,,,,
,7,41520518,,,,,,,-111.9442993,33.4231771,,,,
,8,41520521,traffic_signals,,signal,,,,-111.9442661,33.4218936,,,,
,9,41520523,,,,,,,-111.9442498,33.420638,,,,
,10,41520525,,,,,,,-111.9442479,33.4203483,,,,
,11,41520528,,,,,,,-111.944246,33.4194019,,,,
,12,41520531,,,,,,,-111.9442453,33.4189174,,,,
,13,41520533,,,,,,,-111.9442439,33.4177833,,,,
,14,41520536,,,,,,,-111.944241,33.4168222,,,,
,15,41520539,,,,,,,-111.9442403,33.4160678,,,,
,16,41520542,,,,,,,-111.9442483,33.4146347,,,,
,17,41520578,,,,,,,-111.9442875,33.4146337,,,,
,18,41520581,,,,,,,-111.9443138,33.4139026,,,,
,19,41520584,,,,,,,-111.9443094,33.4131817,,,,
,20,41520587,,,,,,,-111.9443024,33.4110208,,,,
,21,41520590,,,,,,,-111.9442963,33.410264,,,,
,22,41520593,,,,,,,-111.9442959,33.4095166,,,,
,23,41520594,,,,,,,-111.9442945,33.4087687,,,,
,24,41520604,,,,,,,-111.9439499,33.4073767,,,,
,25,41529691,traffic_signals,,signal,,,,-111.9304264,33.4231268,,,,
,26,41529697,,,,,,,-111.9290798,33.4242989,,,,
,29,41529742,,,,,,,-111.9392663,33.4243488,,,,
,30,41529813,,,,,,,-111.936666,33.4243591,,,,
,31,41533533,,,,,,,-111.9412608,33.4219305,,,,
,32,41533538,,,,,,,-111.9412354,33.4190569,,,,
,33,41533540,,,,,,,-111.94123,33.4176195,,,,
,34,41533544,,,,,,,-111.941205,33.416204,,,,
,35,41533545,,,,,,,-111.9411894,33.4147443,,,,
,36,41546636,,,,,,,-111.9392768,33.408668,,,,
,37,41546640,,,,,,,-111.9360118,33.4095058,,,,
,38,41546646,,,,,,,-111.9177482,33.4094786,,,,
,39,41546647,turning_circle,,,,,,-111.9301254,33.4104444,,,,
,40,41546648,,,,,,,-111.926512,33.4104588,,,,
,41,41548521,,,,,,,-111.9232523,33.4118914,,,,
,42,41563455,,,,,,,-111.94234,33.4136148,,,,
,43,41563456,,,,,,,-111.9424188,33.4147283,,,,
,44,41563458,,,,,,,-111.9424528,33.4161904,,,,
,45,41563460,,,,,,,-111.9424525,33.4176183,,,,
,46,41563464,,,,,,,-111.9423945,33.4190482,,,,
,47,41563472,,,,,,,-111.942372,33.4205087,,,,
,48,41563475,traffic_signals,,signal,,,,-111.9423899,33.4219281,,,,
,49,41563500,traffic_signals,,signal,,,,-111.943347,33.4254811,,,,
,50,41563515,traffic_signals,,signal,,,,-111.9427719,33.4275569,,,,
,51,41563527,,,,,,,-111.942465,33.4284426,,,,
,52,41563536,,,,,,,-111.9426248,33.4289759,,,,
,53,41570712,,,,,,,-111.9090828,33.4190024,,,,
intersection5,54,41573974,traffic_signals,,signal,,,,-111.9262973,33.4128826,,,,90
intersection3,55,41573980,traffic_signals,,signal,,,,-111.9263035,33.4168382,,,,120
intersection2,56,41573982,traffic_signals,,signal,,,,-111.9262965,33.4191375,,,,90
,57,41573985,,,,,,,-111.9262379,33.4209763,,,,
,59,41582913,,,,,,,-111.9312568,33.4084598,,,,
,60,41582918,traffic_signals,,signal,,,,-111.9311382,33.4075231,,,,
,61,41582920,,,,,,,-111.9310728,33.4066298,,,,
,62,41586093,turning_circle,,,,,,-111.9108076,33.418129,,,,
,63,41586094,,,,,,,-111.910665,33.4174037,,,,
,64,41604294,,,,,,,-111.9397324,33.4119109,,,,
,65,41604295,,,,,,,-111.9379621,33.4119438,,,,
,66,41604297,,,,,,,-111.9365723,33.4119575,,,,
,67,41604298,,,,,,,-111.9349297,33.4119783,,,,
,68,41604299,,,,,,,-111.9306853,33.4120477,,,,
,70,41606183,,,,,,,-111.9204281,33.4128828,,,,
,71,41606207,,,,,,,-111.9209653,33.4128775,,,,
,72,41606208,,,,,,,-111.9209439,33.4113482,,,,
,73,41606272,,,,,,,-111.9226132,33.4075143,,,,
,74,41615729,,,,,,,-111.9398422,33.4086532,,,,
,75,41615732,,,,,,,-111.9381791,33.4085985,,,,
,76,41617192,,,,,,,-111.9279752,33.4075028,,,,
,77,41617200,,,,,,,-111.928383,33.4097448,,,,
,78,41617201,turning_circle,,,,,,-111.9283745,33.4090473,,,,
,79,41624255,,,,,,,-111.9399667,33.4167979,,,,
,80,41624258,,,,,,,-111.9373669,33.4146466,,,,
,82,41624268,,,,,,,-111.9306493,33.4147379,,,,
,84,41630202,,,,,,,-111.940778,33.4264585,,,,
,86,41638513,,,,,,,-111.9090423,33.4273929,,,,
,87,41638521,,,,,,,-111.9090272,33.4208582,,,,
,88,41638526,,,,,,,-111.9090775,33.4195301,,,,
,89,41638528,,,,,,,-111.9091033,33.4181939,,,,
,90,41638531,traffic_signals,,signal,,,,-111.9091036,33.4174837,,,,
,91,41638532,,,,,,,-111.9091114,33.4168439,,,,
,92,41638534,,,,,,,-111.909117,33.4161544,,,,
,93,41654663,,,,,,,-111.9138914,33.4169249,,,,
,94,41654666,stop,,,,,,-111.9128676,33.41707,,,,
,95,41654668,stop,,,,,,-111.911792,33.4170678,,,,
,96,41654675,,,,,,,-111.9294043,33.4166443,,,,
,97,41654678,,,,,,,-111.920587,33.4167118,,,,
,98,41654679,,,,,,,-111.9187765,33.4166821,,,,
,99,41654681,,,,,,,-111.9177293,33.4166715,,,,
,100,41657000,,,,,,,-111.9124548,33.4135536,,,,
,101,41657005,,,,,,,-111.9124548,33.4125936,,,,
,102,41657007,,,,,,,-111.9124548,33.4116335,,,,
,103,41657047,,,,,,,-111.9132493,33.407514,,,,
,104,41657049,,,,,,,-111.9132489,33.4065043,,,,
,105,41662567,,,,,,,-111.9406317,33.4333828,,,,
,106,41662569,crossing,,,,,,-111.9400948,33.4297326,,,,
,111,41662596,,,,,,,-111.9400253,33.4176249,,,,
,112,41662598,,,,,,,-111.9399783,33.4162056,,,,
,113,41662601,,,,,,,-111.9398928,33.4136273,,,,
,114,41662602,,,,,,,-111.9398917,33.4135032,,,,
,115,41662609,traffic_signals,,signal,,,,-111.9398741,33.4074072,,,,
,116,41695219,turning_circle,,,,,,-111.9426338,33.4136098,,,,
,117,41704530,,,,,,,-111.9265205,33.408338,,,,
,118,41704532,,,,,,,-111.9265205,33.4090545,,,,
,119,41708464,,,,,,,-111.9219906,33.4128945,,,,
,122,41714341,traffic_signals,,signal,,,,-111.9289415,33.4220194,,,,
,123,41714356,traffic_signals,,signal,,,,-111.9177025,33.4220187,,,,
,124,41715037,,,,,,,-111.9186841,33.4184064,,,,
,125,41730069,,,,,,,-111.9419776,33.406618,,,,
,126,41736773,,,,,,,-111.9301262,33.4287001,,,,
,128,41746580,,,,,,,-111.9366724,33.4254992,,,,
,129,41746582,traffic_signals,,signal,,,,-111.9349278,33.4254396,,,,
,130,41752392,,,,,,,-111.9301152,33.4093411,,,,
,131,41752397,,,,,,,-111.9301168,33.4097351,,,,
,132,41752399,,,,,,,-111.9292499,33.40974,,,,
,133,41763493,,,,,,,-111.9123461,33.4157894,,,,
,134,41764208,turning_circle,,,,,,-111.9083414,33.4208575,,,,
,135,41765709,,,,,,,-111.9128246,33.4194946,,,,
,136,41765713,stop,,,,,,-111.9128246,33.418373,,,,
,137,41770192,,,,,,,-111.9182827,33.4128801,,,,
,138,41770195,turning_circle,,,,,,-111.9182748,33.4112636,,,,
,139,41778978,,,,,,,-111.9142573,33.4135608,,,,
,140,41778983,,,,,,,-111.9142573,33.4126007,,,,
,141,41778986,,,,,,,-111.9142573,33.4116263,,,,
,142,41800245,,,,,,,-111.9289198,33.4202704,,,,
,143,41800471,,,,,,,-111.9307043,33.4135726,,,,
,144,41830283,,,,,,,-111.9370709,33.4135303,,,,
,145,41830285,,,,,,,-111.9349328,33.4135475,,,,
,146,41830286,,,,,,,-111.9327775,33.4135705,,,,
,147,41832318,turning_circle,,,,,,-111.93012,33.4066513,,,,
,148,41832337,,,,,,,-111.9301168,33.4083093,,,,
,149,41832343,,,,,,,-111.9301223,33.4075271,,,,
,150,41851100,,,,,,,-111.9194063,33.4128698,,,,
,151,41851102,turning_circle,,,,,,-111.9193991,33.4112636,,,,
,152,41851723,,,,,,,-111.9117974,33.4183775,,,,
,153,41851727,,,,,,,-111.9117974,33.4161499,,,,
,154,41852597,,,,,,,-111.9337287,33.4084455,,,,
,155,41852605,,,,,,,-111.9338966,33.4066011,,,,
,156,41853706,,,,,,,-111.9203154,33.4128768,,,,
,157,41855562,,,,,,,-111.9225915,33.4128945,,,,
,158,41875702,,,,,,,-111.9419779,33.4073972,,,,
,159,41883108,,,,,,,-111.9383164,33.4074206,,,,
,160,41883110,,,,,,,-111.9359642,33.4074385,,,,
,161,41883112,traffic_signals,,signal,,,,-111.9349044,33.4074493,,,,
,162,41883117,,,,,,,-111.9290294,33.407539,,,,
,163,41883121,,,,,,,-111.9236981,33.4075215,,,,
,165,41891129,,,,,,,-111.9146898,33.4194459,,,,
,166,41915323,stop,,,,,,-111.9146941,33.4183685,,,,
,167,41915327,,,,,,,-111.9146968,33.4176543,,,,
,168,41915337,,,,,,,-111.9147513,33.4161512,,,,
,169,41942014,,,,,,,-111.92925,33.4083093,,,,
,170,41957870,,,,,,,-111.9366651,33.4232037,,,,
,171,41961180,,,,,,,-111.9329181,33.4066155,,,,
,172,41966652,,,,,,,-111.9232609,33.4128945,,,,
,173,41966670,,,,,,,-111.917064,33.4129518,,,,
,174,41995466,,,,,,,-111.9381178,33.419078,,,,
,175,42009170,,,,,,,-111.9108155,33.4116335,,,,
,176,42208491,,,,,,,-111.9177365,33.4183756,,,,
,177,42208582,,,,,,,-111.9177062,33.4063878,,,,
,178,42254473,,,,,,,-111.9171232,33.4136285,,,,
,179,42254483,,,,,,,-111.9107726,33.4135536,,,,
,180,42273739,,,,,,,-111.9381595,33.4231914,,,,
,181,42302416,turning_circle,,,,,,-111.9083283,33.4200001,,,,
,182,42304472,,,,,,,-111.9349761,33.4232093,,,,
,183,42348101,,,,,,,-111.9169266,33.4127154,,,,
,184,42351327,,,,,,,-111.933278,33.4160881,,,,
,185,42351391,turning_circle,,,,,,-111.9339665,33.4183547,,,,
,186,42466187,,,,,,,-111.9107983,33.4126007,,,,
,187,42485577,turning_circle,,,,,,-111.9138895,33.4176454,,,,
,188,193252222,,,,,,,-111.9321918,33.4292423,,,,
,189,255819200,,,,,,,-111.9400556,33.4312394,,,,
,190,255819871,,,,,,,-111.9433753,33.4312967,,,,
,191,255819874,,,,,,,-111.9430761,33.429697,,,,
,192,256604925,,,,,,,-111.9415968,33.4333701,,,,
,193,314766598,,,,,,,-111.9093577,33.4329923,,,,
,194,316007232,traffic_signals,,signal,,,,-111.9349809,33.4243346,,,,
,195,316008195,,,,,,,-111.9269771,33.4189112,,,,
,196,316008315,,,,,,,-111.9353519,33.4255151,,,,
,197,316120367,,,,,,,-111.9404627,33.431309,,,,
,198,316128443,,,,,,,-111.9356428,33.430435,,,,
,199,316128740,,,,,,,-111.926289,33.4298413,,,,
,200,316128961,,,,,,,-111.9262698,33.4335976,,,,
,201,316870046,,,,,,,-111.9382922,33.4149218,,,,
,203,316872729,,,,,,,-111.9338292,33.4183283,,,,
,204,316872733,,,,,,,-111.9337083,33.4173613,,,,
,205,316880529,,,,,,,-111.9370852,33.4145236,,,,
,206,316880683,turning_circle,,,,,,-111.9396432,33.4145427,,,,
,207,317445418,,,,,,,-111.9202907,33.4113526,,,,
,208,317654988,,,,,,,-111.9205552,33.4187226,,,,
,209,317699382,,,,,,,-111.9439296,33.411019,,,,
,210,317701014,,,,,,,-111.940029,33.4174558,,,,
,211,318033603,traffic_signals,,signal,,,,-111.9090927,33.421982,,,,
,214,330683934,,,,,,,-111.9147587,33.4148409,,,,
,215,330683937,traffic_signals,,signal,,,,-111.917698,33.4148781,,,,
,216,330683938,traffic_signals,,signal,,,,-111.9205452,33.4148706,,,,
,218,330683942,traffic_signals,,signal,,,,-111.9306499,33.4147876,,,,
,219,330683944,traffic_signals,,signal,,,,-111.932805,33.4147645,,,,
,223,330683965,traffic_signals,,signal,,,,-111.9327942,33.4146458,,,,
,224,330683967,traffic_signals,,signal,,,,-111.9306654,33.4146657,,,,
,226,330683970,traffic_signals,,signal,,,,-111.9204485,33.4147071,,,,
,227,330683971,traffic_signals,,signal,,,,-111.9177001,33.4146384,,,,
,228,330683972,,,,,,,-111.9171222,33.414605,,,,
,229,330683974,,,,,,,-111.9142668,33.4146813,,,,
,234,330689687,,,,,,,-111.923179,33.417529,,,,
,235,330689965,,,,,,,-111.9203868,33.4148865,,,,
,236,330691322,traffic_signals,,signal,,,,-111.9262989,33.420098,,,,
,237,330693619,,,,,,,-111.9312627,33.4233579,,,,
,238,330695748,,,,,,,-111.9400695,33.4274911,,,,
,239,335589267,,,,,,,-111.930544,33.4115482,,,,
,240,335595768,,,,,,,-111.9262262,33.4238148,,,,
,241,335752408,,,,,,,-111.9453807,33.4313267,,,,
,242,337713512,,,,,,,-111.9394161,33.4254973,,,,
,243,337822444,,,,,,,-111.9228983,33.4238125,,,,
,244,337827148,turning_circle,,,,,,-111.9221041,33.4115127,,,,
,245,337827302,turning_circle,,,,,,-111.9232571,33.4112193,,,,
,246,337829641,,,,,,,-111.9155964,33.4126931,,,,
,247,337830082,,,,,,,-111.9157422,33.4118556,,,,
,248,338058726,,,,,,,-111.9235422,33.4101507,,,,
,249,418969823,,,,,,,-111.9438761,33.4073773,,,,
,250,863733787,,,,,,,-111.9349501,33.4150744,,,,
,251,863736682,,,,,,,-111.9423905,33.4212237,,,,
,252,1501648856,,,,,,,-111.9113853,33.4148731,,,,
,253,1501648953,,,,,,,-111.9262989,33.4202366,,,,
,254,1617022674,,,,,,,-111.9433535,33.4309202,,,,
,255,1617023042,,,,,,,-111.9424679,33.4293072,,,,
,256,1617023067,,,,,,,-111.9428468,33.4292652,,,,
,257,1617023089,,,,,,,-111.9428484,33.4296132,,,,
,258,1617023129,,,,,,,-111.9432128,33.4303148,,,,
,259,1617023382,,,,,,,-111.943241,33.4309221,,,,
,262,1799680775,,,,,,,-111.9177396,33.4176616,,,,
,263,1799680779,turning_circle,,,,,,-111.918685,33.4188785,,,,
,264,2065989227,crossing,,,,,,-111.9399088,33.414649,,,,
,268,2065989254,,,,,,,-111.9408253,33.4147456,,,,
,272,2262988976,,,,,,,-111.9209436,33.4075259,,,,
,273,2300216506,crossing,,,,,,-111.908934,33.4074294,,,,
,274,2300341686,crossing,,,,,,-111.926503,33.4097547,,,,
,275,2300341851,crossing,,,,,,-111.9263019,33.4203615,,,,
,276,2305982029,,,,,,,-111.9182799,33.4123049,,,,
,277,2305982037,,,,,,,-111.9162827,33.4112033,,,,
,278,2305982038,,,,,,,-111.9161795,33.4114003,,,,
,279,2305982039,,,,,,,-111.91602,33.4111981,,,,
,280,2305982040,,,,,,,-111.9159564,33.4113072,,,,
,281,2305982041,,,,,,,-111.9157539,33.4111926,,,,
,282,2321431315,,,,,,,-111.9366517,33.4212922,,,,
,283,2321431354,,,,,,,-111.9366784,33.4212889,,,,
,284,2625358988,,,,,,,-111.9381424,33.4149982,,,,
,286,2625358998,,,,,,,-111.9398348,33.4170325,,,,
,287,2625359002,,,,,,,-111.9398439,33.4174549,,,,
,288,2625359004,,,,,,,-111.9398468,33.4176189,,,,
,295,2625359019,,,,,,,-111.9395019,33.4273825,,,,
,298,2626242343,,,,,,,-111.9211598,33.4292573,,,,
,299,2626242355,,,,,,,-111.9196278,33.4301419,,,,
,300,2626242358,,,,,,,-111.918223,33.4304339,,,,
,301,2626242368,,,,,,,-111.9173182,33.4309518,,,,
,302,2626242375,,,,,,,-111.9165191,33.4304935,,,,
,303,2626242376,,,,,,,-111.9159098,33.4313742,,,,
,304,2626664037,,,,,,,-111.9376334,33.4243567,,,,
,305,2671959118,,,,,,,-111.9289501,33.4212297,,,,
,306,2671959143,traffic_signals,,signal,,,,-111.9263008,33.4202837,,,,
,308,2704829949,,,,,,,-111.9262331,33.4228357,,,,
,309,2704829953,,,,,,,-111.9262287,33.4233394,,,,
,310,2704829954,,,,,,,-111.9258887,33.4233401,,,,
,311,2704829964,,,,,,,-111.9263882,33.4238834,,,,
,313,2704829974,,,,,,,-111.9262833,33.4283177,,,,
,315,2714317919,,,,,,,-111.9297937,33.4287965,,,,
,317,2714317933,,,,,,,-111.9239819,33.4289759,,,,
,318,2714317936,traffic_signals,,signal,,,,-111.9312478,33.4291369,,,,
,319,2714317943,,,,,,,-111.9425485,33.4291402,,,,
,320,2714317948,,,,,,,-111.911908,33.4292497,,,,
,321,2714317949,,,,,,,-111.9232919,33.4292614,,,,
,322,2714317956,,,,,,,-111.917341,33.4293282,,,,
,324,2714317961,,,,,,,-111.9126336,33.4293372,,,,
,326,2714317963,,,,,,,-111.9196471,33.4293489,,,,
,327,2714317971,,,,,,,-111.9211588,33.4293611,,,,
,328,2714317975,,,,,,,-111.9428674,33.4293722,,,,
,329,2714317978,,,,,,,-111.9081933,33.4293742,,,,
,330,2714317987,,,,,,,-111.9426236,33.4294744,,,,
,331,2714317997,,,,,,,-111.9322313,33.4294306,,,,
,332,2714318003,,,,,,,-111.941344,33.4294485,,,,
,333,2714318007,traffic_signals,,signal,,,,-111.934056,33.4294897,,,,
,334,2714318017,,,,,,,-111.9409154,33.429599,,,,
,335,2714318018,traffic_signals,,signal,,,,-111.9339783,33.4296433,,,,
,338,2714318026,,,,,,,-111.9343207,33.4298487,,,,
,339,2714318030,,,,,,,-111.9349285,33.4300573,,,,
,340,2714318034,,,,,,,-111.9350596,33.4303286,,,,
,341,2714318037,traffic_signals,,signal,,,,-111.9374158,33.430404,,,,
,342,2714318042,traffic_signals,,signal,,,,-111.9374938,33.4305413,,,,
,343,2714318044,,,,,,,-111.9357552,33.4306078,,,,
,344,2819230452,traffic_signals,,signal,,,,-111.9091141,33.4146219,,,,
,345,2822050828,crossing,,,,,,-111.9090932,33.4218349,,,,
,346,2822050829,crossing,,,,,,-111.926407,33.4218739,,,,
,347,2822050830,crossing,,,,,,-111.9262412,33.421881,,,,
,350,2916726377,,,,,,,-111.936754,33.421991,,,,
,353,2978013673,,,,,,,-111.9275425,33.4220137,,,,
,354,2978047866,,,,,,,-111.9248832,33.4220294,,,,
,356,3101265422,,,,,,,-111.9434283,33.4295304,,,,
,357,3101265424,,,,,,,-111.9399748,33.4301976,,,,
,358,3101265427,,,,,,,-111.9412736,33.4254885,,,,
,359,3101265634,,,,,,,-111.9401264,33.4316795,,,,
,360,3101265641,,,,,,,-111.9412691,33.4243385,,,,
,361,3101265647,,,,,,,-111.9401399,33.4303209,,,,
,362,3248854377,,,,,,,-111.9215725,33.411344,,,,
,363,3248854378,,,,,,,-111.920032,33.4113543,,,,
,364,3299517573,,,,,,,-111.9442762,33.426894,,,,
,365,3367301498,,,,,,,-111.9176682,33.4237215,,,,
,366,3458373529,,,,,,,-111.922574,33.4111077,,,,
,367,3458373531,,,,,,,-111.9209422,33.4116865,,,,
,368,3458373537,,,,,,,-111.920949,33.41231,,,,
,369,3458373555,,,,,,,-111.9220805,33.4147096,,,,
,370,3458373557,,,,,,,-111.9220806,33.4148179,,,,
,371,3519311788,,,,,,,-111.9082205,33.4219911,,,,
,372,3519323221,,,,,,,-111.9090248,33.4212419,,,,
,373,3523602070,,,,,,,-111.9091782,33.4211714,,,,
,374,3523602073,,,,,,,-111.9091721,33.4208613,,,,
,375,3590609564,,,,,,,-111.9076465,33.4168535,,,,
,376,3590609565,,,,,,,-111.907664,33.4174947,,,,
,377,3613374067,,,,,,,-111.936617,33.4190938,,,,
,378,3641052711,,,,,,,-111.9364992,33.4074355,,,,
,379,3641512632,,,,,,,-111.9165151,33.4161595,,,,
,380,3641512633,,,,,,,-111.9165031,33.4169307,,,,
,381,3642926131,,,,,,,-111.9164439,33.4157358,,,,
,382,3642940510,,,,,,,-111.938161,33.4254954,,,,
,383,3712803330,,,,,,,-111.9381294,33.4205154,,,,
,384,3719273480,,,,,,,-111.9191579,33.4146605,,,,
,385,3756578325,traffic_signals,,signal,,,,-111.9091135,33.4148353,,,,
,386,3756594462,,,,,,,-111.9133844,33.4148388,,,,
,387,3756594468,traffic_signals,,signal,,,,-111.9136482,33.414836,,,,
,388,3756594471,traffic_signals,,signal,,,,-111.9136957,33.414677,,,,
,389,3872996557,,,,,,,-111.9338232,33.407589,,,,
,390,3872996558,,,,,,,-111.931125,33.4076055,,,,
,391,3872996559,,,,,,,-111.9301212,33.4076111,,,,
,392,3872996560,,,,,,,-111.9269827,33.4076415,,,,
,393,3983274586,,,,,,,-111.9154572,33.4075088,,,,
,394,3983274697,,,,,,,-111.9177031,33.4071744,,,,
,395,3983456159,,,,,,,-111.9343732,33.4074544,,,,
,396,3983456162,,,,,,,-111.9338336,33.4073034,,,,
,397,3983456179,,,,,,,-111.9305895,33.4076081,,,,
,398,3983456208,,,,,,,-111.9350228,33.4107541,,,,
,399,3983463695,,,,,,,-111.9346152,33.4096628,,,,
,400,3983463698,,,,,,,-111.934915,33.4093789,,,,
,401,3983463704,,,,,,,-111.9348914,33.4096614,,,,
,402,3983463705,,,,,,,-111.9349415,33.409658,,,,
,403,3983463708,,,,,,,-111.9352728,33.4095791,,,,
,404,3983463711,,,,,,,-111.9349406,33.4096046,,,,
,405,3983463712,,,,,,,-111.9348907,33.4096079,,,,
,406,3983465565,,,,,,,-111.9433255,33.4073787,,,,
,407,3983483037,,,,,,,-111.9399239,33.411432,,,,
,408,3983483042,,,,,,,-111.9397375,33.4128425,,,,
,409,3983483050,,,,,,,-111.9365803,33.4129111,,,,
,410,3983483055,,,,,,,-111.9379608,33.4128944,,,,
,411,3983483484,,,,,,,-111.9391606,33.4145063,,,,
,412,3983483485,,,,,,,-111.9397601,33.4074084,,,,
,413,3983483486,,,,,,,-111.9397789,33.4086629,,,,
,414,3983483489,,,,,,,-111.9398073,33.4114264,,,,
,415,3983483490,,,,,,,-111.9398827,33.4125946,,,,
,416,3983483491,,,,,,,-111.9398081,33.4067486,,,,
,417,3983483492,,,,,,,-111.9397885,33.4106036,,,,
,418,3983483499,,,,,,,-111.939166,33.4147167,,,,
,419,3983489070,,,,,,,-111.9399036,33.4106076,,,,
,420,3983489075,,,,,,,-111.9396664,33.4111275,,,,
,421,4084510561,,,,,,,-111.91123,33.4075712,,,,
,424,4084510566,,,,,,,-111.9237216,33.4075795,,,,
,426,4084510568,,,,,,,-111.9132484,33.4075751,,,,
,427,4084510569,traffic_signals,,signal,,,,-111.9226118,33.4075789,,,,
,428,4084525371,traffic_signals,,signal,,,,-111.9226148,33.4074455,,,,
,429,4084525373,,,,,,,-111.9236803,33.4074433,,,,
,430,4084525374,,,,,,,-111.9209405,33.4074439,,,,
,431,4084525376,traffic_signals,,signal,,,,-111.926277,33.4075074,,,,
,432,4084526282,,,,,,,-111.9154658,33.4074418,,,,
,433,4084526285,,,,,,,-111.9154379,33.4075755,,,,
,434,4084527689,,,,,,,-111.9132485,33.4074407,,,,
,435,4084529110,,,,,,,-111.911231,33.4074387,,,,
,436,4277534305,traffic_signals,,signal,,,,-111.9312927,33.4290308,,,,
,437,4346521648,,,,,,,-111.9409696,33.4323251,,,,
,438,4346523219,,,,,,,-111.9430423,33.429831,,,,
,439,4346523220,,,,,,,-111.9405747,33.431551,,,,
,440,4346569400,,,,,,,-111.9398834,33.4126638,,,,
,441,4346569402,,,,,,,-111.9399016,33.4142825,,,,
,442,4346569403,,,,,,,-111.939969,33.4151097,,,,
,443,4346571424,,,,,,,-111.9186464,33.4146574,,,,
,444,4346571425,,,,,,,-111.9133779,33.4146776,,,,
,445,4346571426,,,,,,,-111.9105903,33.4147002,,,,
,446,4346571427,,,,,,,-111.9212488,33.4147092,,,,
,447,4346571428,,,,,,,-111.9189923,33.4148614,,,,
,448,4346575408,,,,,,,-111.9370216,33.4146084,,,,
,449,4346575409,,,,,,,-111.9335205,33.4146455,,,,
,450,4346575410,,,,,,,-111.9314439,33.4146642,,,,
,451,4346575411,,,,,,,-111.926748,33.414692,,,,
,452,4346575412,,,,,,,-111.9361331,33.4147441,,,,
,453,4346575413,,,,,,,-111.9342173,33.4147571,,,,
,454,4346575414,,,,,,,-111.9322177,33.4147716,,,,
,455,4346575415,,,,,,,-111.9300149,33.4147941,,,,
,456,4346575416,,,,,,,-111.9258763,33.414841,,,,
,457,4346575417,,,,,,,-111.9400269,33.417428,,,,
,458,4346577513,,,,,,,-111.9398502,33.4186881,,,,
,459,4346577514,,,,,,,-111.9398505,33.4187373,,,,
,460,4346577515,,,,,,,-111.9398606,33.4193366,,,,
,461,4346577516,,,,,,,-111.9400338,33.4194368,,,,
,462,4346577517,,,,,,,-111.9398661,33.4195538,,,,
,463,4346577518,,,,,,,-111.9398665,33.419777,,,,
,464,4346577519,,,,,,,-111.9398722,33.4200156,,,,
,465,4346577520,,,,,,,-111.9398812,33.4202361,,,,
,466,4346577521,,,,,,,-111.939894,33.4211696,,,,
,467,4346577522,,,,,,,-111.9398957,33.4212893,,,,
,468,4346581618,,,,,,,-111.9400741,33.4225274,,,,
,469,4346581619,,,,,,,-111.9400646,33.4234469,,,,
,470,4346581620,,,,,,,-111.9399588,33.4240116,,,,
,471,4346581621,,,,,,,-111.9400789,33.424691,,,,
,472,4346581622,,,,,,,-111.939958,33.4251292,,,,
,473,4346581623,,,,,,,-111.9400785,33.4260353,,,,
,474,4346586751,,,,,,,-111.939954,33.422988,,,,
,475,4346586752,,,,,,,-111.9399637,33.426342,,,,
,476,4346586753,,,,,,,-111.939964,33.4270359,,,,
,477,4346586754,,,,,,,-111.9400691,33.4277606,,,,
,478,4346586755,,,,,,,-111.9399618,33.4281865,,,,
,479,4346586756,,,,,,,-111.9399616,33.4284311,,,,
,480,4346586758,,,,,,,-111.9399832,33.4290713,,,,
,481,4346586759,,,,,,,-111.9399845,33.4292269,,,,
,482,4346605143,,,,,,,-111.9439222,33.4218959,,,,
,483,4346605144,,,,,,,-111.9446584,33.4218949,,,,
,484,4346605146,,,,,,,-111.9453183,33.421897,,,,
,485,4346605153,,,,,,,-111.9428734,33.4219273,,,,
,486,4346605154,,,,,,,-111.9417462,33.4219298,,,,
,487,4346605155,,,,,,,-111.9407478,33.4219322,,,,
,488,4346605156,,,,,,,-111.9407002,33.4219284,,,,
,489,4346605157,,,,,,,-111.9390184,33.4219833,,,,
,490,4346605158,,,,,,,-111.9100774,33.421985,,,,
,491,4346605159,,,,,,,-111.9102088,33.4219858,,,,
,492,4346605160,,,,,,,-111.9273877,33.4220144,,,,
,493,4346605161,,,,,,,-111.9295985,33.4220148,,,,
,494,4346605162,,,,,,,-111.9171959,33.4220165,,,,
,495,4346605163,,,,,,,-111.9285987,33.4220169,,,,
,496,4346605164,,,,,,,-111.9271825,33.4220171,,,,
,497,4346605165,,,,,,,-111.9181401,33.4220184,,,,
,498,4346605166,,,,,,,-111.9254096,33.4220303,,,,
,499,4346605167,,,,,,,-111.9401286,33.4302061,,,,
,500,4346611232,,,,,,,-111.9272141,33.4288263,,,,
,501,4346611233,,,,,,,-111.9253831,33.4288338,,,,
,502,4346611234,,,,,,,-111.9284571,33.4288722,,,,
,503,4346611235,,,,,,,-111.9279262,33.428948,,,,
,504,4346613073,,,,,,,-111.9300918,33.4286969,,,,
,505,4346613074,,,,,,,-111.9332589,33.42946,,,,
,506,4346613075,,,,,,,-111.9333493,33.4294743,,,,
,507,4346614526,,,,,,,-111.9391344,33.4297661,,,,
,508,4346614527,,,,,,,-111.9345889,33.429813,,,,
,509,4346614528,,,,,,,-111.9346717,33.4298726,,,,
,510,4346614529,,,,,,,-111.9368145,33.4306868,,,,
,511,4346615106,,,,,,,-111.9406832,33.4295107,,,,
,512,4346615107,,,,,,,-111.9420775,33.4295382,,,,
,513,4346615108,,,,,,,-111.9417837,33.4295365,,,,
,514,4346615109,,,,,,,-111.9431442,33.4297815,,,,
,515,4346615538,,,,,,,-111.9433431,33.4307227,,,,
,516,4346615540,,,,,,,-111.9433707,33.4312259,,,,
,517,4346622265,,,,,,,-111.9099576,33.4290973,,,,
,518,4346622266,,,,,,,-111.9097142,33.429122,,,,
,519,4346622267,,,,,,,-111.9186041,33.4292126,,,,
,520,4346622268,,,,,,,-111.9217497,33.4292597,,,,
,521,4346622269,,,,,,,-111.917438,33.4293305,,,,
,522,4346624051,,,,,,,-111.9083245,33.4293683,,,,
,523,4347874709,,,,,,,-111.9397915,33.4068077,,,,
,524,4347874711,,,,,,,-111.9405939,33.4074032,,,,
,525,4347874712,,,,,,,-111.9389839,33.4074225,,,,
,526,4347874713,,,,,,,-111.9354177,33.4074426,,,,
,527,4347874714,,,,,,,-111.9344169,33.4074542,,,,
,528,4347874715,,,,,,,-111.9398844,33.4080275,,,,
,529,4347879966,,,,,,,-111.9262948,33.4140912,,,,
,530,4347879967,,,,,,,-111.9091162,33.4141228,,,,
,531,4347879968,,,,,,,-111.907599,33.4148463,,,,
,532,4347879969,,,,,,,-111.9167018,33.4148707,,,,
,533,4347879970,,,,,,,-111.9091146,33.415374,,,,
,534,4347879971,,,,,,,-111.9262936,33.4155005,,,,
,535,4347879972,,,,,,,-111.9263007,33.4163769,,,,
,536,4347879973,,,,,,,-111.909107,33.4172087,,,,
,537,4347879974,,,,,,,-111.9263004,33.4173778,,,,
,538,4347879975,,,,,,,-111.9263,33.4175412,,,,
,539,4347879976,,,,,,,-111.9091035,33.4177774,,,,
,540,4347879977,,,,,,,-111.9262955,33.4184244,,,,
,541,4347879978,,,,,,,-111.9262944,33.4185822,,,,
,542,4347879979,,,,,,,-111.926299,33.4195429,,,,
,543,4347879980,,,,,,,-111.9263916,33.4208903,,,,
,544,4347879981,,,,,,,-111.9262395,33.4214276,,,,
,545,4347879982,,,,,,,-111.9090227,33.421459,,,,
,546,4347879983,,,,,,,-111.9264012,33.4227473,,,,
,547,4347879984,,,,,,,-111.9090865,33.422857,,,,
,548,4347879985,,,,,,,-111.9262248,33.4242002,,,,
,549,4347879986,,,,,,,-111.926379,33.4250061,,,,
,550,4347879987,,,,,,,-111.9090695,33.4285518,,,,
,551,4347879988,,,,,,,-111.9262931,33.4294787,,,,
,552,4347888489,,,,,,,-111.9091495,33.430223,,,,
,553,4347900901,,,,,,,-111.9262858,33.4066282,,,,
,554,4347900902,,,,,,,-111.9091145,33.4068521,,,,
,555,4347900905,,,,,,,-111.9099258,33.4074356,,,,
,556,4347900906,,,,,,,-111.9119245,33.4074381,,,,
,557,4347900907,,,,,,,-111.9138803,33.407441,,,,
,558,4347900908,,,,,,,-111.9161352,33.4074426,,,,
,559,4347900909,,,,,,,-111.9230728,33.4074436,,,,
,560,4347900910,,,,,,,-111.9243424,33.4074438,,,,
,561,4347900911,,,,,,,-111.9199744,33.4074441,,,,
,562,4347900912,,,,,,,-111.9195397,33.4074443,,,,
,563,4347900913,,,,,,,-111.9214184,33.4074444,,,,
,564,4347900914,,,,,,,-111.9252008,33.4074445,,,,
,565,4347900915,,,,,,,-111.9183745,33.4074446,,,,
,566,4347900916,,,,,,,-111.925503,33.4074447,,,,
,567,4347900922,,,,,,,-111.9270016,33.4075087,,,,
,568,4347900924,,,,,,,-111.9256844,33.4075643,,,,
,569,4347900926,,,,,,,-111.9082621,33.4075674,,,,
,570,4347900927,,,,,,,-111.9251976,33.4075685,,,,
,571,4347900928,,,,,,,-111.9106315,33.407571,,,,
,572,4347900929,,,,,,,-111.9247739,33.4075717,,,,
,573,4347900930,,,,,,,-111.9126153,33.4075737,,,,
,574,4347900931,,,,,,,-111.9209418,33.4075741,,,,
,575,4347900932,,,,,,,-111.9148321,33.4075753,,,,
,576,4347900933,,,,,,,-111.917013,33.407576,,,,
,577,4347900934,,,,,,,-111.9189369,33.4075769,,,,
,578,4347900935,,,,,,,-111.9219839,33.4075771,,,,
,579,4347900936,,,,,,,-111.9195304,33.4075772,,,,
,580,4347900937,,,,,,,-111.9204775,33.4075777,,,,
,581,4347900938,,,,,,,-111.9232831,33.4075793,,,,
,582,4347900939,,,,,,,-111.9091078,33.4082217,,,,
,583,4347900940,,,,,,,-111.9262744,33.4083544,,,,
,584,4347900941,,,,,,,-111.9091088,33.4085182,,,,
,585,4347900942,,,,,,,-111.9262882,33.4105131,,,,
,586,4347900943,,,,,,,-111.9262942,33.4124964,,,,
,587,4347900944,,,,,,,-111.9262984,33.4131293,,,,
,588,4347908523,,,,,,,-111.9093089,33.4325046,,,,
,589,4636339214,,,,,,,-111.9388999,33.4205078,,,,
,590,4636339233,,,,,,,-111.9397193,33.4204945,,,,
,591,4716102663,,,,,,,-111.9277064,33.4186462,,,,
,592,4716134185,traffic_signals,,signal,,,,-111.9291473,33.4148012,,,,
,593,4716134186,traffic_signals,,signal,,,,-111.9291456,33.4146674,,,,
,594,4716137945,,,,,,,-111.93269,33.4173629,,,,
,595,4716137951,,,,,,,-111.9301745,33.4173982,,,,
,596,4897758639,,,,,,,-111.9401355,33.4074051,,,,
,599,5078867005,,,,,,,-111.9273686,33.4148082,,,,
,600,5078867154,,,,,,,-111.9245817,33.4147173,,,,
,601,5078867483,,,,,,,-111.9240547,33.4148207,,,,
,602,5080816830,,,,,,,-111.9414688,33.4238299,,,,
,603,5080817378,,,,,,,-111.9418695,33.423497,,,,
,604,5133355428,,,,,,,-111.9263688,33.4275117,,,,
,605,5133355429,,,,,,,-111.9262149,33.4275095,,,,
,606,5146893078,,,,,,,-111.927372,33.4146858,,,,
,607,5162833626,,,,,,,-111.9433518,33.4260281,,,,
,608,5162833627,,,,,,,-111.9430789,33.4272077,,,,
,609,5162833628,,,,,,,-111.9425545,33.4279426,,,,
,610,5162981682,,,,,,,-111.9381867,33.4300134,,,,
,611,5165002575,,,,,,,-111.9305333,33.4289205,,,,
,612,5165146154,,,,,,,-111.9224969,33.4147141,,,,
,614,5199796535,,,,,,,-111.9448055,33.4291415,,,,
,615,5200239406,,,,,,,-111.9176985,33.4151844,,,,
,616,5200239407,,,,,,,-111.9177082,33.4200246,,,,
,617,5200239408,,,,,,,-111.9177035,33.4216544,,,,
,618,5200239409,,,,,,,-111.9176821,33.4222296,,,,
,619,5200239411,,,,,,,-111.9176978,33.4092243,,,,
,620,5200239412,,,,,,,-111.9176951,33.408003,,,,
,621,5200239418,,,,,,,-111.9423987,33.4224828,,,,
,622,5200239419,,,,,,,-111.9433507,33.4249452,,,,
,623,5200239420,,,,,,,-111.9349055,33.4071062,,,,
,624,5200239621,,,,,,,-111.9349089,33.4079907,,,,
,625,5200239622,,,,,,,-111.9349493,33.414314,,,,
,626,5200239623,,,,,,,-111.9349498,33.4155051,,,,
,627,5200239624,,,,,,,-111.9349506,33.4161111,,,,
,628,5201685460,,,,,,,-111.921125,33.4154858,,,,
,629,5201685461,,,,,,,-111.9254783,33.4195802,,,,
,630,5201685462,,,,,,,-111.9305745,33.4152628,,,,
,631,5201685464,,,,,,,-111.928844,33.4180457,,,,
,632,5201685465,,,,,,,-111.9288801,33.4195869,,,,
,633,5201685466,,,,,,,-111.9289065,33.4200493,,,,
,634,5201685467,,,,,,,-111.9289618,33.4208697,,,,
,635,5201685468,,,,,,,-111.9289364,33.4215873,,,,
,636,5201685469,,,,,,,-111.9293204,33.422626,,,,
,637,5201685470,,,,,,,-111.9295097,33.4227418,,,,
,638,5201685471,,,,,,,-111.9290413,33.4223935,,,,
,639,5201685472,,,,,,,-111.9291136,33.4224748,,,,
,640,5201685473,,,,,,,-111.9339446,33.4251998,,,,
,641,5201685474,,,,,,,-111.9358356,33.4255093,,,,
,642,5258562214,,,,,,,-111.9432183,33.4242317,,,,
,643,5261052473,,,,,,,-111.9313563,33.420664,,,,
,644,5261052478,,,,,,,-111.9316996,33.4207468,,,,
,645,5261052480,,,,,,,-111.9317273,33.4218424,,,,
,646,5261052481,,,,,,,-111.9316969,33.4202848,,,,
,647,5261052497,,,,,,,-111.9339909,33.4220122,,,,
,648,5280009872,crossing;traffic_signals,,signal,,,,-111.9288549,33.4184369,,,,
,649,5333539971,,,,,,,-111.936655,33.4174833,,,,
,650,5333539972,traffic_signals,,signal,,,,-111.9366276,33.4162059,,,,
,651,5333560369,,,,,,,-111.9366575,33.4176535,,,,
,652,5338062390,,,,,,,-111.9293144,33.4297279,,,,
,653,5341183656,,,,,,,-111.9344649,33.4096352,,,,
,654,5341183659,,,,,,,-111.9338902,33.4096095,,,,
,655,5341183662,,,,,,,-111.9338376,33.4093122,,,,
,656,5341183669,,,,,,,-111.9311446,33.4093331,,,,
,657,5341183677,,,,,,,-111.9349226,33.4103317,,,,
,658,5343247775,,,,,,,-111.9317292,33.4215199,,,,
,659,5343247776,,,,,,,-111.9317246,33.4212406,,,,
,660,5414658105,,,,,,,-111.9278714,33.4202692,,,,
,661,5618898812,,,,,,,-111.9228964,33.4220263,,,,
,662,5634899221,,,,,,,-111.9451628,33.4291392,,,,
,663,5634899224,,,,,,,-111.9451095,33.4294457,,,,
,664,5634899227,,,,,,,-111.9450555,33.4291399,,,,
,665,5634899230,,,,,,,-111.9447374,33.4305631,,,,
,666,5634899234,,,,,,,-111.9452165,33.4294497,,,,
,667,5634899235,,,,,,,-111.9445366,33.4305672,,,,
,668,5634899236,,,,,,,-111.9445329,33.4307844,,,,
,669,5634899237,,,,,,,-111.9445362,33.4301978,,,,
,670,5646687226,,,,,,,-111.925416,33.4168118,,,,
,671,5649130661,,,,,,,-111.919576,33.4067545,,,,
,672,5649130663,,,,,,,-111.9196861,33.4069048,,,,
,673,5650675608,,,,,,,-111.9242329,33.4119115,,,,
,674,5650675848,,,,,,,-111.9285601,33.4146783,,,,
,675,5650675862,,,,,,,-111.9283494,33.4126305,,,,
,676,5665460110,,,,,,,-111.9430383,33.4219283,,,,
,677,5668170566,,,,,,,-111.9262731,33.4079581,,,,
,678,5668170604,,,,,,,-111.9262799,33.4098462,,,,
,679,5668170614,,,,,,,-111.9257941,33.4101273,,,,
,680,5668170615,,,,,,,-111.9255669,33.4101291,,,,
,681,5668932816,,,,,,,-111.9085518,33.4074305,,,,
,682,5697454668,,,,,,,-111.9446684,33.4307709,,,,
,683,5697454669,,,,,,,-111.9452441,33.4307647,,,,
,684,5697454674,,,,,,,-111.9451318,33.4305537,,,,
,685,5697454679,,,,,,,-111.9450364,33.4307669,,,,
,686,5700838099,,,,,,,-111.9091161,33.4158327,,,,
,687,5700838104,,,,,,,-111.9091146,33.4164484,,,,
,688,5770246246,,,,,,,-111.9398829,33.4130694,,,,
,689,5806074003,stop,,,,,,-111.9177134,33.4194298,,,,
,690,5822074196,,,,,,,-111.9176121,33.4169322,,,,
,691,5986666325,,,,,,,-111.9407231,33.4213245,,,,
,692,6058475294,,,,,,,-111.9385439,33.4074173,,,,
,693,6058475298,,,,,,,-111.9391558,33.4074189,,,,
,694,6283476043,,,,,,,-111.914737,33.4322288,,,,
,695,6283476083,,,,,,,-111.919633,33.4299964,,,,
,696,6283476285,,,,,,,-111.919635,33.4295616,,,,
,697,6283476293,,,,,,,-111.9179144,33.4294474,,,,
,698,6283476296,,,,,,,-111.9180887,33.4301945,,,,
,699,6283476302,,,,,,,-111.9166557,33.4305645,,,,
,700,6283476303,,,,,,,-111.9172022,33.4308627,,,,
,701,6442049052,,,,,,,-111.9450095,33.4294461,,,,
,702,6442049053,,,,,,,-111.9449304,33.4305591,,,,
,703,6442049054,,,,,,,-111.9453641,33.4305477,,,,
,704,6453652431,,,,,,,-111.9451009,33.4254702,,,,
,705,6453652435,,,,,,,-111.9446931,33.425471,,,,
,706,6496439509,,,,,,,-111.9340719,33.4074553,,,,
,707,6496439522,,,,,,,-111.9290279,33.4074428,,,,
,708,6496439524,,,,,,,-111.9311381,33.407433,,,,
,709,6496439526,,,,,,,-111.9237187,33.4079673,,,,
,710,6678068362,,,,,,,-111.9289516,33.4212032,,,,
,711,6701033509,,,,,,,-111.9105708,33.4147001,,,,
,712,6701033511,,,,,,,-111.9104449,33.4133193,,,,
,713,6701033513,,,,,,,-111.910382,33.414697,,,,
,714,6701033514,,,,,,,-111.9104503,33.4127103,,,,
,715,6786314013,,,,,,,-111.936319,33.4255035,,,,
,716,6796038632,,,,,,,-111.9377644,33.4242905,,,,
,717,6888570461,,,,,,,-111.9085434,33.4075681,,,,
,718,7125038250,,,,,,,-111.9412469,33.4264549,,,,
,719,7125038251,,,,,,,-111.9412513,33.426127,,,,
,720,7241586262,,,,,,,-111.9262783,33.4094872,,,,
,721,7241586266,,,,,,,-111.9262808,33.4099305,,,,
,722,7241586272,,,,,,,-111.9262827,33.4100947,,,,
,723,7241586275,,,,,,,-111.9262835,33.4101537,,,,
,724,7264975962,,,,,,,-111.9423307,33.4204818,,,,
,725,7264975967,,,,,,,-111.9424213,33.4204698,,,,
,726,7264975968,,,,,,,-111.9411873,33.4204889,,,,
,727,7264975984,,,,,,,-111.9423284,33.4204704,,,,
,728,7265020285,,,,,,,-111.9412797,33.4204834,,,,
,729,7265020286,,,,,,,-111.9411875,33.4204825,,,,
,730,7265020287,,,,,,,-111.9412313,33.4204449,,,,
,731,7265020288,,,,,,,-111.94123,33.4205223,,,,
,732,7265020297,,,,,,,-111.9423773,33.4204312,,,,
,733,7890703228,,,,,,,-111.9091153,33.413681,,,,
,734,8019704786,,,,,,,-111.942523,33.429252,,,,
,735,8019704799,,,,,,,-111.9427707,33.4291942,,,,
,736,8019704805,,,,,,,-111.9427017,33.4291063,,,,
,737,8022891687,,,,,,,-111.9430137,33.4296434,,,,
,738,8084775623,,,,,,,-111.9195914,33.406981,,,,
,739,8084775627,,,,,,,-111.919683,33.4068264,,,,
,740,8084775628,,,,,,,-111.9195102,33.4069797,,,,
,741,8084775629,,,,,,,-111.9195486,33.4072925,,,,
,742,8119660259,,,,,,,-111.9148228,33.4323224,,,,
,743,8122988904,,,,,,,-111.9263941,33.4233419,,,,
,744,8122988905,,,,,,,-111.9275107,33.4233377,,,,
,746,8269005069,,,,,,,-111.9339885,33.4219235,,,,
,748,8444419082,,,,,,,-111.9275636,33.4186999,,,,
,749,8444581043,,,,,,,-111.9366651,33.4223635,,,,
,750,8444581072,,,,,,,-111.9391012,33.4244499,,,,
,751,8444584097,,,,,,,-111.9451058,33.4218963,,,,
,752,8447095134,,,,,,,-111.9392023,33.420496,,,,
,753,8447095146,,,,,,,-111.9389085,33.4204277,,,,
,754,8447095274,,,,,,,-111.9333809,33.417357,,,,
,755,8447633870,,,,,,,-111.9090565,33.410527,,,,
,756,8447633871,,,,,,,-111.9090591,33.4114902,,,,
,757,8464164195,,,,,,,-111.9091127,33.4090648,,,,
,758,8464164198,,,,,,,-111.9091664,33.4105267,,,,
,759,8464164199,,,,,,,-111.9091671,33.4114897,,,,
,760,8464164201,,,,,,,-111.9091115,33.412465,,,,
,761,,,,,,,,-111.9074988,33.4190125,,,boundary node created by osm2gmns,
,762,,,,,,,,-111.9454283,33.4139083,,,boundary node created by osm2gmns,
,763,,,,,,,,-111.9226174,33.4063787,,,boundary node created by osm2gmns,
,764,,,,,,,,-111.9454283,33.4131862,,,boundary node created by osm2gmns,
,765,,,,,,,,-111.92797,33.4063787,,,boundary node created by osm2gmns,
,766,,,,,,,,-111.9074988,33.4168545,,,boundary node created by osm2gmns,
,767,,,,,,,,-111.9132492,33.4063787,,,boundary node created by osm2gmns,
,768,,,,,,,,-111.9454283,33.4194031,,,boundary node created by osm2gmns,
,769,,,,,,,,-111.9454283,33.4110232,,,boundary node created by osm2gmns,
,770,,,,,,,,-111.9074988,33.4274045,,,boundary node created by osm2gmns,
,771,,,,,,,,-111.9454283,33.4231763,,,boundary node created by osm2gmns,
,772,,,,,,,,-111.93012,33.4063787,,,boundary node created by osm2gmns,
,773,,,,,,,,-111.9290192,33.4063787,,,boundary node created by osm2gmns,
,774,,,,,,,,-111.9359727,33.4063787,,,boundary node created by osm2gmns,
,775,,,,,,,,-111.9454283,33.4168264,,,boundary node created by osm2gmns,
,776,,,,,,,,-111.9329222,33.4063787,,,boundary node created by osm2gmns,
,777,,,,,,,,-111.9074988,33.4182061,,,boundary node created by osm2gmns,
,778,,,,,,,,-111.9454283,33.4243256,,,boundary node created by osm2gmns,
,779,,,,,,,,-111.9074988,33.4200766,,,boundary node created by osm2gmns,
,780,,,,,,,,-111.9454283,33.4160708,,,boundary node created by osm2gmns,
,781,,,,,,,,-111.9454283,33.4087668,,,boundary node created by osm2gmns,
,782,,,,,,,,-111.9454283,33.4102621,,,boundary node created by osm2gmns,
,783,,,,,,,,-111.9454283,33.4206395,,,boundary node created by osm2gmns,
,784,,,,,,,,-111.9454283,33.4177904,,,boundary node created by osm2gmns,
,785,,,,,,,,-111.9454283,33.4095146,,,boundary node created by osm2gmns,
,786,,,,,,,,-111.9094402,33.4340764,,,boundary node created by osm2gmns,
,787,,,,,,,,-111.9454283,33.4307627,,,boundary node created by osm2gmns,
,788,,,,,,,,-111.9454283,33.4146376,,,boundary node created by osm2gmns,
,789,,,,,,,,-111.9454283,33.4264296,,,boundary node created by osm2gmns,
,790,,,,,,,,-111.9262874,33.4063787,,,boundary node created by osm2gmns,
,791,,,,,,,,-111.9074988,33.417496,,,boundary node created by osm2gmns,
,792,,,,,,,,-111.9338946,33.4063787,,,boundary node created by osm2gmns,
,793,,,,,,,,-111.9310755,33.4063787,,,boundary node created by osm2gmns,
,794,,,,,,,,-111.9349083,33.4063787,,,boundary node created by osm2gmns,
,795,,,,,,,,-111.9074988,33.4292515,,,boundary node created by osm2gmns,
,796,,,,,,,,-111.9074988,33.4219987,,,boundary node created by osm2gmns,
,797,,,,,,,,-111.9454283,33.4291374,,,boundary node created by osm2gmns,
,798,,,,,,,,-111.9091195,33.4063787,,,boundary node created by osm2gmns,
,799,,,,,,,,-111.9074988,33.4146419,,,boundary node created by osm2gmns,
,800,,,,,,,,-111.9454283,33.431424,,,boundary node created by osm2gmns,
,801,,,,,,,,-111.9454283,33.4313141,,,boundary node created by osm2gmns,
,802,,,,,,,,-111.9074988,33.4293778,,,boundary node created by osm2gmns,
,803,,,,,,,,-111.9074988,33.4074335,,,boundary node created by osm2gmns,
,804,,,,,,,,-111.9074988,33.4148473,,,boundary node created by osm2gmns,
,805,,,,,,,,-111.9074988,33.4075654,,,boundary node created by osm2gmns,
,806,,,,,,,,-111.9398017,33.4063787,,,boundary node created by osm2gmns,
,807,,,,,,,,-111.9177063,33.4063787,,,boundary node created by osm2gmns,
,808,,,,,,,,-111.9454283,33.430546,,,boundary node created by osm2gmns,
,809,,,,,,,,-111.9454283,33.4294628,,,boundary node created by osm2gmns,
,810,,,,,,,,-111.9213116,33.4063787,,,boundary node created by osm2gmns,
,811,,,,,,,,-111.9454283,33.4073737,,,boundary node created by osm2gmns,
,812,,,,,,,,-111.9454283,33.4254738,,,boundary node created by osm2gmns,
,813,,,,,,,,-111.9195633,33.4063787,,,boundary node created by osm2gmns,
,814,41529701_2704829968,traffic_signals,,1,,,,-111.9263026,33.4245036,23,,,
,815,41529740_2625359015,traffic_signals,,1,,,,-111.9400121,33.4243449,6,,,
,816,41573995_2714317928,traffic_signals,,1,,,,-111.9262829,33.4288401,14,,,
,817,41605233_2625359028_2714318022_2714318023,traffic_signals,,1,,,,-111.9400276,33.4296239,5,,,
,818,41624261_330683946,traffic_signals,,1,,,,-111.9366093,33.41467,26,,,
,819,41630200_2625359017,traffic_signals,,1,,,,-111.9400208,33.4264643,0,,,
,820,41638511_2714317958,traffic_signals,,1,,,,-111.9090868,33.4292521,13,,,
,821,41662581_2625359021,traffic_signals,,1,,,,-111.9400156,33.427385,7,,,
,822,41662584_2625359016,traffic_signals,,1,,,,-111.9400202,33.4254921,9,,,
,823,41662587_2625359013,traffic_signals,,1,,,,-111.9400134,33.4231921,2,,,
,824,41662590_2941419916_2941419917,traffic_signals,,1,,,,-111.9399568,33.4219351,20,,,
,825,41714336_2860653270,traffic_signals,,1,,,,-111.9366617,33.4219501,28,,,
,826,41714339_8269005072,traffic_signals,,1,,,,-111.9349692,33.4219591,27,,,
,827,41736777_2714317917,traffic_signals,,1,,,,-111.9293054,33.4287176,18,,,
,828,41883123_4084510563,traffic_signals,,1,,,,-111.9176973,33.4075105,22,,,
,829,316870186_2625358994,traffic_signals,,1,,,,-111.9395404,33.4160198,8,,,
,830,330683931_330683932,traffic_signals,,1,,,,-111.9124079,33.4148625,10,,,
intersection4,831,330683940_330683969,traffic_signals,,1,,,,-111.9262901,33.4147683,15,,,120
,832,330683945_330683964,traffic_signals,,1,,,,-111.9349572,33.4146838,21,,,
,833,330683976_330683977,traffic_signals,,1,,,,-111.9124062,33.4146769,11,,,
,834,330689192_330689685,traffic_signals,,1,,,,-111.9224368,33.4167563,4,,,
,835,1698683826_2625359006,traffic_signals,,1,,,,-111.939941,33.4190564,1,,,
,836,1698683852_2625359008,traffic_signals,,1,,,,-111.9399653,33.420492,25,,,
,837,2065989239_2065989244_2065989250_2065989260,traffic_signals,,1,,,,-111.9399078,33.4147467,3,,,
,838,2065989266_2916726375,traffic_signals,,1,,,,-111.9381457,33.4219425,19,,,
,839,2096552754_3026629623,traffic_signals,,1,,,,-111.9092741,33.4320347,29,,,
intersection1,840,2704829948_5013837645,traffic_signals,,1,,,,-111.9263253,33.4220282,12,,,120
,841,2714317962_5013817163,traffic_signals,,1,,,,-111.9179242,33.4292664,17,,,
,842,4084510562_4084510567,traffic_signals,,1,,,,-111.9091054,33.4075007,16,,,
,843,5176314770_8269005064,traffic_signals,,1,,,,-111.9307644,33.4219973,24,,,
